-- MySQL dump 10.13  Distrib 8.0.27, for Linux (x86_64)
--
-- Host: localhost    Database: grator
-- ------------------------------------------------------
-- Server version	8.0.27

/*!40101 SET @OLD_CHARACTER_SET_CLIENT=@@CHARACTER_SET_CLIENT */;
/*!40101 SET @OLD_CHARACTER_SET_RESULTS=@@CHARACTER_SET_RESULTS */;
/*!40101 SET @OLD_COLLATION_CONNECTION=@@COLLATION_CONNECTION */;
/*!50503 SET NAMES utf8mb4 */;
/*!40103 SET @OLD_TIME_ZONE=@@TIME_ZONE */;
/*!40103 SET TIME_ZONE='+00:00' */;
/*!40014 SET @OLD_UNIQUE_CHECKS=@@UNIQUE_CHECKS, UNIQUE_CHECKS=0 */;
/*!40014 SET @OLD_FOREIGN_KEY_CHECKS=@@FOREIGN_KEY_CHECKS, FOREIGN_KEY_CHECKS=0 */;
/*!40101 SET @OLD_SQL_MODE=@@SQL_MODE, SQL_MODE='NO_AUTO_VALUE_ON_ZERO' */;
/*!40111 SET @OLD_SQL_NOTES=@@SQL_NOTES, SQL_NOTES=0 */;

--
-- Table structure for table `bank`
--

DROP TABLE IF EXISTS `bank`;
/*!40101 SET @saved_cs_client     = @@character_set_client */;
/*!50503 SET character_set_client = utf8mb4 */;
CREATE TABLE `bank` (
  `id` int unsigned NOT NULL AUTO_INCREMENT,
  `total` int unsigned DEFAULT NULL,
  `hold` int unsigned DEFAULT NULL,
  PRIMARY KEY (`id`)
) ENGINE=InnoDB AUTO_INCREMENT=2 DEFAULT CHARSET=utf8mb4 COLLATE=utf8mb4_unicode_520_ci;
/*!40101 SET character_set_client = @saved_cs_client */;

--
-- Dumping data for table `bank`
--

LOCK TABLES `bank` WRITE;
/*!40000 ALTER TABLE `bank` DISABLE KEYS */;
INSERT INTO `bank` VALUES (1,152,0);
/*!40000 ALTER TABLE `bank` ENABLE KEYS */;
UNLOCK TABLES;

--
-- Table structure for table `game`
--

DROP TABLE IF EXISTS `game`;
/*!40101 SET @saved_cs_client     = @@character_set_client */;
/*!50503 SET character_set_client = utf8mb4 */;
CREATE TABLE `game` (
  `id` int unsigned NOT NULL AUTO_INCREMENT,
  `created_at` datetime DEFAULT NULL,
  `finished_at` datetime DEFAULT NULL,
  `processed_at` datetime DEFAULT NULL,
  `money` int unsigned DEFAULT NULL,
  `bonus` int unsigned DEFAULT NULL,
  `item_id` int unsigned DEFAULT NULL,
  `user_id` int unsigned DEFAULT NULL,
  PRIMARY KEY (`id`),
  KEY `index_foreignkey_game_item` (`item_id`),
  KEY `index_foreignkey_game_user` (`user_id`)
) ENGINE=InnoDB AUTO_INCREMENT=105 DEFAULT CHARSET=utf8mb4 COLLATE=utf8mb4_unicode_520_ci;
/*!40101 SET character_set_client = @saved_cs_client */;

--
-- Dumping data for table `game`
--

LOCK TABLES `game` WRITE;
/*!40000 ALTER TABLE `game` DISABLE KEYS */;
INSERT INTO `game` VALUES (2,'2021-12-18 08:34:28','2021-12-18 08:34:28',NULL,3585,NULL,NULL,1),(3,'2021-12-18 08:34:28','2021-12-18 08:34:28',NULL,NULL,1320,NULL,1),(4,'2021-12-18 08:34:28','2021-12-18 08:34:28',NULL,NULL,NULL,3,1),(5,'2021-12-18 08:34:28','2021-12-18 08:34:28',NULL,NULL,6583,NULL,1),(6,'2021-12-18 08:34:28','2021-12-18 08:34:29',NULL,NULL,NULL,2,1),(7,'2021-12-18 08:34:29','2021-12-18 08:34:29',NULL,NULL,NULL,1,1),(8,'2021-12-18 08:34:29','2021-12-18 08:34:29',NULL,5133,NULL,NULL,1),(9,'2021-12-18 08:34:29','2021-12-18 08:34:29',NULL,NULL,NULL,3,1),(10,'2021-12-18 08:34:29','2021-12-18 08:34:29',NULL,NULL,5983,NULL,1),(11,'2021-12-18 08:34:29','2021-12-18 08:34:29',NULL,NULL,9425,NULL,1),(12,'2021-12-18 08:34:29','2021-12-18 08:34:29',NULL,NULL,NULL,3,1),(13,'2021-12-18 08:34:29','2021-12-18 08:34:29',NULL,5709,NULL,NULL,1),(14,'2021-12-18 08:34:29','2021-12-18 08:34:29',NULL,NULL,8872,NULL,1),(15,'2021-12-18 08:34:29','2021-12-18 08:34:29',NULL,NULL,NULL,3,1),(16,'2021-12-18 08:34:29','2021-12-18 08:34:29',NULL,NULL,4053,NULL,1),(17,'2021-12-18 08:34:29','2021-12-18 08:34:29',NULL,NULL,1396,NULL,1),(18,'2021-12-18 08:34:29','2021-12-18 08:34:29',NULL,3581,NULL,NULL,1),(19,'2021-12-18 08:34:29','2021-12-18 08:34:30',NULL,NULL,NULL,3,1),(20,'2021-12-18 08:34:30','2021-12-18 08:34:30',NULL,6669,NULL,NULL,1),(21,'2021-12-18 08:34:30','2021-12-18 08:34:30',NULL,NULL,NULL,3,1),(22,'2021-12-18 08:34:30','2021-12-18 08:34:30',NULL,7930,NULL,NULL,1),(23,'2021-12-18 08:34:30','2021-12-18 08:34:30',NULL,9509,NULL,NULL,1),(24,'2021-12-18 08:34:30','2021-12-18 08:34:30',NULL,NULL,NULL,3,1),(25,'2021-12-18 08:34:30','2021-12-18 08:34:30',NULL,NULL,NULL,2,1),(26,'2021-12-18 08:34:31','2021-12-18 08:34:31',NULL,5926,NULL,NULL,1),(27,'2021-12-18 08:34:31','2021-12-18 08:34:31',NULL,NULL,NULL,3,1),(28,'2021-12-18 08:34:31','2021-12-18 08:34:31',NULL,NULL,NULL,3,1),(29,'2021-12-18 08:34:31','2021-12-18 08:34:31',NULL,NULL,NULL,2,1),(30,'2021-12-18 08:34:31','2021-12-18 08:34:32',NULL,8995,NULL,NULL,1),(31,'2021-12-18 08:34:32','2021-12-18 08:34:32',NULL,5185,NULL,NULL,1),(32,'2021-12-18 08:34:32','2021-12-18 08:34:32',NULL,NULL,NULL,2,1),(33,'2021-12-18 08:34:32','2021-12-18 08:34:32',NULL,NULL,6710,NULL,1),(34,'2021-12-18 08:34:32','2021-12-18 08:34:32',NULL,2444,NULL,NULL,1),(35,'2021-12-18 08:34:32','2021-12-18 08:34:32',NULL,NULL,NULL,3,1),(36,'2021-12-18 08:34:32','2021-12-18 08:34:32',NULL,6693,NULL,NULL,1),(37,'2021-12-18 08:34:32','2021-12-18 08:34:32',NULL,5313,NULL,NULL,1),(38,'2021-12-18 08:34:32','2021-12-18 08:34:32',NULL,NULL,4532,NULL,1),(39,'2021-12-18 08:34:33','2021-12-18 08:34:33',NULL,2378,NULL,NULL,1),(40,'2021-12-18 08:34:33','2021-12-18 08:34:33',NULL,NULL,1987,NULL,1),(41,'2021-12-18 08:34:33','2021-12-18 08:34:33',NULL,5688,NULL,NULL,1),(42,'2021-12-18 08:34:33','2021-12-18 08:34:33',NULL,2013,NULL,NULL,1),(43,'2021-12-18 08:34:33','2021-12-18 08:34:33',NULL,8597,NULL,NULL,1),(44,'2021-12-18 08:34:33','2021-12-18 08:34:33',NULL,4500,NULL,NULL,1),(45,'2021-12-18 08:34:33','2021-12-18 08:34:33',NULL,NULL,3974,NULL,1),(46,'2021-12-18 08:34:33','2021-12-18 08:34:33',NULL,NULL,3675,NULL,1),(47,'2021-12-18 08:34:33','2021-12-18 08:34:33',NULL,NULL,6880,NULL,1),(48,'2021-12-18 08:34:34','2021-12-18 08:34:34',NULL,NULL,8694,NULL,1),(49,'2021-12-18 08:34:34','2021-12-18 08:34:34',NULL,NULL,8533,NULL,1),(50,'2021-12-18 08:34:34','2021-12-18 08:34:34',NULL,NULL,9728,NULL,1),(51,'2021-12-18 08:34:34','2021-12-18 08:34:34',NULL,NULL,7557,NULL,1),(52,'2021-12-18 08:34:34','2021-12-18 08:34:34',NULL,NULL,8760,NULL,1),(53,'2021-12-18 08:34:34','2021-12-18 08:34:34',NULL,NULL,6576,NULL,1),(54,'2021-12-18 08:34:34','2021-12-18 08:34:34',NULL,NULL,4928,NULL,1),(55,'2021-12-18 08:34:34','2021-12-18 08:34:34',NULL,NULL,8979,NULL,1),(56,'2021-12-18 08:34:34','2021-12-18 08:34:34',NULL,NULL,6190,NULL,1),(57,'2021-12-18 08:34:34','2021-12-18 08:34:35',NULL,NULL,4049,NULL,1),(58,'2021-12-18 08:34:35','2021-12-18 08:34:35',NULL,NULL,8202,NULL,1),(59,'2021-12-18 08:34:35','2021-12-18 08:34:35',NULL,NULL,6764,NULL,1),(60,'2021-12-18 08:34:35','2021-12-18 08:34:35',NULL,NULL,8080,NULL,1),(61,'2021-12-18 08:34:35','2021-12-18 08:34:35',NULL,NULL,9209,NULL,1),(62,'2021-12-18 08:34:35','2021-12-18 08:34:35',NULL,NULL,8782,NULL,1),(63,'2021-12-18 08:34:35','2021-12-18 08:34:35',NULL,NULL,3281,NULL,1),(64,'2021-12-18 08:34:35','2021-12-18 08:34:35',NULL,NULL,3152,NULL,1),(65,'2021-12-18 08:34:35','2021-12-18 08:34:35',NULL,NULL,8193,NULL,1),(66,'2021-12-18 08:34:35','2021-12-18 08:34:35',NULL,NULL,8607,NULL,1),(67,'2021-12-18 08:34:35','2021-12-18 08:34:36',NULL,NULL,1122,NULL,1),(68,'2021-12-18 08:34:36','2021-12-18 08:34:36',NULL,NULL,3122,NULL,1),(69,'2021-12-18 08:34:36','2021-12-18 08:34:36',NULL,NULL,9667,NULL,1),(70,'2021-12-18 08:34:36','2021-12-18 08:34:36',NULL,NULL,9221,NULL,1),(71,'2021-12-18 08:34:36','2021-12-18 08:34:36',NULL,NULL,2402,NULL,1),(72,'2021-12-18 08:34:36','2021-12-18 08:34:36',NULL,NULL,9660,NULL,1),(73,'2021-12-18 08:34:36','2021-12-18 08:34:36',NULL,NULL,8111,NULL,1),(74,'2021-12-18 08:34:36','2021-12-18 08:34:36',NULL,NULL,6553,NULL,1),(75,'2021-12-18 08:34:36','2021-12-18 08:34:36',NULL,NULL,4066,NULL,1),(76,'2021-12-18 08:34:36','2021-12-18 08:34:36',NULL,NULL,3929,NULL,1),(77,'2021-12-18 08:34:36','2021-12-18 08:34:36',NULL,NULL,9788,NULL,1),(78,'2021-12-18 08:34:36','2021-12-18 08:34:36',NULL,NULL,1852,NULL,1),(79,'2021-12-18 08:34:36','2021-12-18 08:34:36',NULL,NULL,9987,NULL,1),(80,'2021-12-18 08:34:36','2021-12-18 08:34:37',NULL,NULL,3950,NULL,1),(81,'2021-12-18 08:34:37','2021-12-18 08:34:37',NULL,NULL,2257,NULL,1),(82,'2021-12-18 08:34:37','2021-12-18 08:34:37',NULL,NULL,5627,NULL,1),(83,'2021-12-18 08:34:37','2021-12-18 08:34:37',NULL,NULL,5328,NULL,1),(84,'2021-12-18 08:34:37','2021-12-18 08:34:37',NULL,NULL,6981,NULL,1),(85,'2021-12-18 08:34:37','2021-12-18 08:34:37',NULL,NULL,7792,NULL,1),(86,'2021-12-18 08:34:37','2021-12-18 08:34:37',NULL,NULL,3199,NULL,1),(87,'2021-12-18 08:34:37','2021-12-18 08:34:38',NULL,NULL,7639,NULL,1),(88,'2021-12-18 08:34:38','2021-12-18 08:34:38',NULL,NULL,5659,NULL,1),(89,'2021-12-18 08:34:38','2021-12-18 08:34:38',NULL,NULL,3133,NULL,1),(90,'2021-12-18 08:34:38','2021-12-18 08:34:38',NULL,NULL,6567,NULL,1),(91,'2021-12-18 08:34:38','2021-12-18 08:34:38',NULL,NULL,8254,NULL,1),(92,'2021-12-18 08:34:38','2021-12-18 08:34:38',NULL,NULL,6888,NULL,1),(93,'2021-12-18 08:34:38','2021-12-18 08:34:38',NULL,NULL,2847,NULL,1),(94,'2021-12-18 08:34:38','2021-12-18 08:34:38',NULL,NULL,2594,NULL,1),(95,'2021-12-18 08:34:38','2021-12-18 08:34:38',NULL,NULL,7065,NULL,1),(96,'2021-12-18 08:34:38','2021-12-18 08:34:39',NULL,NULL,5105,NULL,1),(97,'2021-12-18 08:34:39','2021-12-18 08:34:39',NULL,NULL,7296,NULL,1),(98,'2021-12-18 08:34:39','2021-12-18 08:34:39',NULL,NULL,4322,NULL,1),(99,'2021-12-18 08:34:39','2021-12-18 08:34:39',NULL,NULL,9517,NULL,1),(100,'2021-12-18 08:34:39','2021-12-18 08:34:39',NULL,NULL,6126,NULL,1),(101,'2021-12-18 08:34:39','2021-12-18 08:34:39',NULL,NULL,4762,NULL,1),(102,'2021-12-18 08:52:24',NULL,NULL,NULL,4987,NULL,1),(103,'2021-12-18 09:11:12','2021-12-18 09:11:14',NULL,NULL,2974,NULL,2),(104,'2021-12-18 09:11:40',NULL,NULL,NULL,4827,NULL,2);
/*!40000 ALTER TABLE `game` ENABLE KEYS */;
UNLOCK TABLES;

--
-- Table structure for table `item`
--

DROP TABLE IF EXISTS `item`;
/*!40101 SET @saved_cs_client     = @@character_set_client */;
/*!50503 SET character_set_client = utf8mb4 */;
CREATE TABLE `item` (
  `id` int unsigned NOT NULL AUTO_INCREMENT,
  `name` varchar(191) COLLATE utf8mb4_unicode_520_ci DEFAULT NULL,
  `count` int unsigned DEFAULT NULL,
  `hold` int unsigned DEFAULT NULL,
  PRIMARY KEY (`id`),
  UNIQUE KEY `unique_name` (`name`)
) ENGINE=InnoDB AUTO_INCREMENT=4 DEFAULT CHARSET=utf8mb4 COLLATE=utf8mb4_unicode_520_ci;
/*!40101 SET character_set_client = @saved_cs_client */;

--
-- Dumping data for table `item`
--

LOCK TABLES `item` WRITE;
/*!40000 ALTER TABLE `item` DISABLE KEYS */;
INSERT INTO `item` VALUES (1,'iPhone 11 Pro',0,0),(2,'Sony VAIO Laptop',0,0),(3,'Slotegrator brand calendar',0,0);
/*!40000 ALTER TABLE `item` ENABLE KEYS */;
UNLOCK TABLES;

--
-- Table structure for table `user`
--

DROP TABLE IF EXISTS `user`;
/*!40101 SET @saved_cs_client     = @@character_set_client */;
/*!50503 SET character_set_client = utf8mb4 */;
CREATE TABLE `user` (
  `id` int unsigned NOT NULL AUTO_INCREMENT,
  `username` varchar(191) COLLATE utf8mb4_unicode_520_ci DEFAULT NULL,
  `password` varchar(191) COLLATE utf8mb4_unicode_520_ci DEFAULT NULL,
  `current_game_id` int unsigned DEFAULT NULL,
  PRIMARY KEY (`id`),
  UNIQUE KEY `unique_username` (`username`),
  KEY `index_foreignkey_user_current_game` (`current_game_id`)
) ENGINE=InnoDB AUTO_INCREMENT=4 DEFAULT CHARSET=utf8mb4 COLLATE=utf8mb4_unicode_520_ci;
/*!40101 SET character_set_client = @saved_cs_client */;

--
-- Dumping data for table `user`
--

LOCK TABLES `user` WRITE;
/*!40000 ALTER TABLE `user` DISABLE KEYS */;
INSERT INTO `user` VALUES (1,'Adele','$2y$10$BTGRbD6PvcZvRpyml.wvkusvLoWptDWoT.c3AV.OcasIOegm6l1VO',102),(2,'Boris','$2y$10$KRmiXb.2HgPdqOuo646wEuajZeXuv8UgAY1RMBpbj/iQ7fwDwFkIy',104),(3,'Vadim','$2y$10$izBHTNTjfG1ur.26skDkh.nI/xjnhOt9C8vJFuJY.jnt1a3ImJMpe',NULL);
/*!40000 ALTER TABLE `user` ENABLE KEYS */;
UNLOCK TABLES;
/*!40103 SET TIME_ZONE=@OLD_TIME_ZONE */;

/*!40101 SET SQL_MODE=@OLD_SQL_MODE */;
/*!40014 SET FOREIGN_KEY_CHECKS=@OLD_FOREIGN_KEY_CHECKS */;
/*!40014 SET UNIQUE_CHECKS=@OLD_UNIQUE_CHECKS */;
/*!40101 SET CHARACTER_SET_CLIENT=@OLD_CHARACTER_SET_CLIENT */;
/*!40101 SET CHARACTER_SET_RESULTS=@OLD_CHARACTER_SET_RESULTS */;
/*!40101 SET COLLATION_CONNECTION=@OLD_COLLATION_CONNECTION */;
/*!40111 SET SQL_NOTES=@OLD_SQL_NOTES */;

-- Dump completed on 2021-12-18  9:17:57
